用户ID,手机号,Bin,银行,银行中文名,注册时间,券码,类型,获取时间,是否使用,使用时间
6013af419a8c0aefc0a1660e,13910322523,519725,Shanghai Pudong Development Bank,上海浦东发展银行,2021-01-29 14:46:25,HVV9BT,国内接送机,2021-01-30 21:40:54,是,2021-04-14 16:55:08
6013af419a8c0aefc0a1660e,13910322523,519725,Shanghai Pudong Development Bank,上海浦东发展银行,2021-01-29 14:46:25,152W2I,国内接送机,2021-06-01 05:45:33,否,
6013af419a8c0aefc0a1660e,13910322523,519725,Shanghai Pudong Development Bank,上海浦东发展银行,2021-01-29 14:46:25,ZRDJKI,国内快速通关,2021-06-01 05:45:33,否,
6013af419a8c0aefc0a1660e,13910322523,519725,Shanghai Pudong Development Bank,上海浦东发展银行,2021-01-29 14:46:25,086S3F,国内快速通关,2021-06-01 05:45:33,否,
6013af419a8c0aefc0a1660e,13910322523,519725,Shanghai Pudong Development Bank,上海浦东发展银行,2021-01-29 14:46:25,ARU9XC,国内快速通关,2021-06-01 05:45:33,否,
601d05d79a8c0aefc0fffc05,15601037750,523649,China Merchants Bank,招商银行,2021-02-05 16:46:15,4EU1FB,国内接送机,2021-02-12 08:22:21,否,
602bdbf39a8c0aefc096955b,13910322523,556632,Bank of China Limited,中国银行,2021-02-16 22:51:31,J88M6S,国内接送机,2021-02-22 13:20:58,是,2021-03-15 06:02:15
602bdbf39a8c0aefc096955b,13910322523,556632,Bank of China Limited,中国银行,2021-02-16 22:51:31,LOLSI3,国内接送机,2021-02-22 13:20:58,是,2021-03-17 09:32:35
602bdbf39a8c0aefc096955b,13910322523,556632,Bank of China Limited,中国银行,2021-02-16 22:51:31,D2O65O,国内快速通关,2021-02-22 13:20:58,否,
602bdbf39a8c0aefc096955b,13910322523,556632,Bank of China Limited,中国银行,2021-02-16 22:51:31,WNG1RZ,国内快速通关,2021-02-22 13:20:58,否,
602bdbf39a8c0aefc096955b,13910322523,556632,Bank of China Limited,中国银行,2021-02-16 22:51:31,FU3E6W,国内快速通关,2021-02-22 13:20:58,否,
602bdbb39a8c0aefc096939d,13910322523,510420,"Industrial Bank Co., Ltd",兴业银行,2021-02-16 22:50:27,GROWZV,国内接送机,2021-02-26 08:42:26,否,
602bdbb39a8c0aefc096939d,13910322523,510420,"Industrial Bank Co., Ltd",兴业银行,2021-02-16 22:50:27,65CM12,国内接送机,2021-02-26 08:42:26,否,
602bdbb39a8c0aefc096939d,13910322523,510420,"Industrial Bank Co., Ltd",兴业银行,2021-02-16 22:50:27,QMTMKJ,国内快速通关,2021-02-26 08:42:26,否,
602bdbb39a8c0aefc096939d,13910322523,510420,"Industrial Bank Co., Ltd",兴业银行,2021-02-16 22:50:27,NJGVU8,国内快速通关,2021-02-26 08:42:26,否,
602bdbb39a8c0aefc096939d,13910322523,510420,"Industrial Bank Co., Ltd",兴业银行,2021-02-16 22:50:27,96V3HP,国内快速通关,2021-02-26 08:42:26,否,
604c24ee9a8c0aefc0ced41f,18712083245,523649,China Merchants Bank,招商银行,2021-03-13 10:35:26,31KCUD,国内接送机,2021-03-18 14:41:13,否,
604c24ee9a8c0aefc0ced41f,18712083245,523649,China Merchants Bank,招商银行,2021-03-13 10:35:26,IXWVM9,国内接送机,2021-03-18 14:41:13,否,
604c24ee9a8c0aefc0ced41f,18712083245,523649,China Merchants Bank,招商银行,2021-03-13 10:35:26,Y7JJVW,国内快速通关,2021-03-18 14:41:13,否,
604c24ee9a8c0aefc0ced41f,18712083245,523649,China Merchants Bank,招商银行,2021-03-13 10:35:26,502EQ2,国内快速通关,2021-03-18 14:41:13,否,
604c24ee9a8c0aefc0ced41f,18712083245,523649,China Merchants Bank,招商银行,2021-03-13 10:35:26,A68VV8,国内快速通关,2021-03-18 14:41:13,否,
604c24ee9a8c0aefc0ced41f,18712083245,523649,China Merchants Bank,招商银行,2021-03-13 10:35:26,3ABMTY,境外接送机,2021-03-18 14:41:13,否,
5fff68d09a8c0aefc0f3779f,13901692131,523649,China Merchants Bank,招商银行,2021-01-14 05:40:32,QCPNJ5,国内接送机,2021-03-19 01:10:52,否,
5feed01d9a8c0aefc038aa43,17708312205,523649,China Merchants Bank,招商银行,2021-01-01 15:32:45,ZMD8ZK,国内接送机,2021-03-27 22:55:50,否,
6059c0df9a8c0aefc07360e2,13500699532,510420,"Industrial Bank Co., Ltd",兴业银行,2021-03-23 18:20:15,3TAYAQ,国内接送机,2021-03-29 20:29:58,是,2021-03-30 14:29:40
6059c0df9a8c0aefc07360e2,13500699532,510420,"Industrial Bank Co., Ltd",兴业银行,2021-03-23 18:20:15,I1JJ3K,国内接送机,2021-04-02 23:48:42,是,2021-04-20 21:52:37
6059c0df9a8c0aefc07360e2,13500699532,510420,"Industrial Bank Co., Ltd",兴业银行,2021-03-23 18:20:15,J0QEN2,国内快速通关,2021-04-02 23:48:42,否,
6059c0df9a8c0aefc07360e2,13500699532,510420,"Industrial Bank Co., Ltd",兴业银行,2021-03-23 18:20:15,QQIC1X,国内快速通关,2021-04-02 23:48:42,否,
6059c0df9a8c0aefc07360e2,13500699532,510420,"Industrial Bank Co., Ltd",兴业银行,2021-03-23 18:20:15,Z3H8FS,国内快速通关,2021-04-02 23:48:42,否,
60364fbf9a8c0aefc0e680c4,18908191687,523649,China Merchants Bank,招商银行,2021-02-24 21:08:15,Z81ZAD,国内接送机,2021-03-31 20:39:30,是,2021-04-16 15:51:38
5ffb16739a8c0aefc0bc57ee,13811546914,514906,CHINA CITIC BANK,中信银行,2021-01-10 23:00:03,5ULSQM,国内接送机,2021-04-17 09:03:15,否,
607723389a8c0aefc0dfd941,13479083457,511611,China Everbright Bank,中国光大银行,2021-04-15 01:15:36,SWMC15,国内接送机,2021-04-17 19:43:35,是,2021-04-17 19:46:20
607723389a8c0aefc0dfd941,13479083457,511611,China Everbright Bank,中国光大银行,2021-04-15 01:15:36,1AMK9G,国内接送机,2021-04-17 19:43:35,是,2021-04-17 19:52:41
607723389a8c0aefc0dfd941,13479083457,511611,China Everbright Bank,中国光大银行,2021-04-15 01:15:36,MXAG9H,国内快速通关,2021-04-17 19:43:35,否,
607723389a8c0aefc0dfd941,13479083457,511611,China Everbright Bank,中国光大银行,2021-04-15 01:15:36,6KM8GC,国内快速通关,2021-04-17 19:43:35,否,
607723389a8c0aefc0dfd941,13479083457,511611,China Everbright Bank,中国光大银行,2021-04-15 01:15:36,R82TVQ,国内快速通关,2021-04-17 19:43:35,否,
607723159a8c0aefc0dfd802,13479083457,511611,China Everbright Bank,中国光大银行,2021-04-15 01:15:01,CTRR5T,国内接送机,2021-04-17 19:55:23,是,2021-04-17 19:56:36
607723159a8c0aefc0dfd802,13479083457,511611,China Everbright Bank,中国光大银行,2021-04-15 01:15:01,U1FFXD,国内接送机,2021-04-17 19:55:23,是,2021-04-17 19:58:31
607723159a8c0aefc0dfd802,13479083457,511611,China Everbright Bank,中国光大银行,2021-04-15 01:15:01,85IMDI,国内快速通关,2021-04-17 19:55:23,否,
607723159a8c0aefc0dfd802,13479083457,511611,China Everbright Bank,中国光大银行,2021-04-15 01:15:01,GTBZ9S,国内快速通关,2021-04-17 19:55:23,否,
607723159a8c0aefc0dfd802,13479083457,511611,China Everbright Bank,中国光大银行,2021-04-15 01:15:01,Z6HD9U,国内快速通关,2021-04-17 19:55:23,否,
607728189a8c0aefc0e00b9e,13479634800,556632,Bank of China Limited,中国银行,2021-04-15 01:36:24,7408Z9,国内接送机,2021-04-17 20:05:27,是,2021-04-17 20:07:02
607728189a8c0aefc0e00b9e,13479634800,556632,Bank of China Limited,中国银行,2021-04-15 01:36:24,N7PPW3,国内接送机,2021-04-17 20:05:27,是,2021-04-17 20:08:20
607728189a8c0aefc0e00b9e,13479634800,556632,Bank of China Limited,中国银行,2021-04-15 01:36:24,0TGJMX,国内快速通关,2021-04-17 20:05:27,否,
607728189a8c0aefc0e00b9e,13479634800,556632,Bank of China Limited,中国银行,2021-04-15 01:36:24,3P7ZL4,国内快速通关,2021-04-17 20:05:27,否,
607728189a8c0aefc0e00b9e,13479634800,556632,Bank of China Limited,中国银行,2021-04-15 01:36:24,UL6687,国内快速通关,2021-04-17 20:05:27,否,
607727f89a8c0aefc0e00a63,13479634800,556632,Bank of China Limited,中国银行,2021-04-15 01:35:52,VVSH7K,国内接送机,2021-04-17 20:09:40,是,2021-04-17 20:10:42
607727f89a8c0aefc0e00a63,13479634800,556632,Bank of China Limited,中国银行,2021-04-15 01:35:52,EHJCAX,国内接送机,2021-04-17 20:09:40,是,2021-04-17 20:11:54
607727f89a8c0aefc0e00a63,13479634800,556632,Bank of China Limited,中国银行,2021-04-15 01:35:52,UHSUQV,国内快速通关,2021-04-17 20:09:40,否,
607727f89a8c0aefc0e00a63,13479634800,556632,Bank of China Limited,中国银行,2021-04-15 01:35:52,6983CG,国内快速通关,2021-04-17 20:09:40,否,
607727f89a8c0aefc0e00a63,13479634800,556632,Bank of China Limited,中国银行,2021-04-15 01:35:52,95LTMB,国内快速通关,2021-04-17 20:09:40,否,
607727dc9a8c0aefc0e0095b,13479634800,556632,Bank of China Limited,中国银行,2021-04-15 01:35:24,TJOXIG,国内接送机,2021-04-17 20:12:59,是,2021-04-17 20:13:37
607727dc9a8c0aefc0e0095b,13479634800,556632,Bank of China Limited,中国银行,2021-04-15 01:35:24,Y45SB6,国内接送机,2021-04-17 20:12:59,是,2021-04-17 20:14:22
607727dc9a8c0aefc0e0095b,13479634800,556632,Bank of China Limited,中国银行,2021-04-15 01:35:24,NLFBZK,国内快速通关,2021-04-17 20:12:59,否,
607727dc9a8c0aefc0e0095b,13479634800,556632,Bank of China Limited,中国银行,2021-04-15 01:35:24,9I6GCO,国内快速通关,2021-04-17 20:12:59,否,
607727dc9a8c0aefc0e0095b,13479634800,556632,Bank of China Limited,中国银行,2021-04-15 01:35:24,RSTO7C,国内快速通关,2021-04-17 20:12:59,否,
601cd4989a8c0aefc0fe33cf,13554966078,523649,China Merchants Bank,招商银行,2021-02-05 13:16:08,S07QB3,国内接送机,2021-04-18 06:34:24,是,2021-04-18 06:38:49
607f18cc9a8c0aefc045eab6,13479054210,511611,China Everbright Bank,中国光大银行,2021-04-21 02:09:16,BQSMJO,国内接送机,2021-04-24 12:20:02,是,2021-04-24 12:23:10
607f18cc9a8c0aefc045eab6,13479054210,511611,China Everbright Bank,中国光大银行,2021-04-21 02:09:16,YJ1KQY,国内接送机,2021-04-24 12:20:02,是,2021-04-24 12:53:13
607f18cc9a8c0aefc045eab6,13479054210,511611,China Everbright Bank,中国光大银行,2021-04-21 02:09:16,87GR53,国内快速通关,2021-04-24 12:20:02,否,
607f18cc9a8c0aefc045eab6,13479054210,511611,China Everbright Bank,中国光大银行,2021-04-21 02:09:16,RZYK35,国内快速通关,2021-04-24 12:20:02,否,
607f18cc9a8c0aefc045eab6,13479054210,511611,China Everbright Bank,中国光大银行,2021-04-21 02:09:16,D3ZU5U,国内快速通关,2021-04-24 12:20:02,否,
607f18eb9a8c0aefc045ebb4,13479054210,511611,China Everbright Bank,中国光大银行,2021-04-21 02:09:47,BDTCSD,国内接送机,2021-04-24 20:32:01,是,2021-04-24 20:32:55
607f18eb9a8c0aefc045ebb4,13479054210,511611,China Everbright Bank,中国光大银行,2021-04-21 02:09:47,13LO4Z,国内接送机,2021-04-24 20:32:01,是,2021-04-24 20:33:53
607f18eb9a8c0aefc045ebb4,13479054210,511611,China Everbright Bank,中国光大银行,2021-04-21 02:09:47,B15NC4,国内快速通关,2021-04-24 20:32:01,否,
607f18eb9a8c0aefc045ebb4,13479054210,511611,China Everbright Bank,中国光大银行,2021-04-21 02:09:47,AZWK2V,国内快速通关,2021-04-24 20:32:01,否,
607f18eb9a8c0aefc045ebb4,13479054210,511611,China Everbright Bank,中国光大银行,2021-04-21 02:09:47,WP1383,国内快速通关,2021-04-24 20:32:01,否,
6080570e9a8c0aefc05143f5,13479117353,556632,Bank of China Limited,中国银行,2021-04-22 00:47:10,EKZTOJ,国内接送机,2021-04-27 11:00:50,是,2021-04-27 11:01:45
6080570e9a8c0aefc05143f5,13479117353,556632,Bank of China Limited,中国银行,2021-04-22 00:47:10,ISMN0B,国内接送机,2021-04-27 11:00:50,是,2021-04-27 11:02:30
6080570e9a8c0aefc05143f5,13479117353,556632,Bank of China Limited,中国银行,2021-04-22 00:47:10,DGBP26,国内快速通关,2021-04-27 11:00:50,否,
6080570e9a8c0aefc05143f5,13479117353,556632,Bank of China Limited,中国银行,2021-04-22 00:47:10,SE809N,国内快速通关,2021-04-27 11:00:50,否,
6080570e9a8c0aefc05143f5,13479117353,556632,Bank of China Limited,中国银行,2021-04-22 00:47:10,2AY2V2,国内快速通关,2021-04-27 11:00:50,否,
608057319a8c0aefc051451e,13479117353,523649,China Merchants Bank,招商银行,2021-04-22 00:47:45,T9CZXG,国内接送机,2021-04-27 11:02:58,是,2021-04-27 11:03:36
608057319a8c0aefc051451e,13479117353,523649,China Merchants Bank,招商银行,2021-04-22 00:47:45,KXBFFU,国内接送机,2021-04-27 11:02:58,是,2021-04-27 11:04:23
608057319a8c0aefc051451e,13479117353,523649,China Merchants Bank,招商银行,2021-04-22 00:47:45,I3S6QL,国内快速通关,2021-04-27 11:02:58,否,
608057319a8c0aefc051451e,13479117353,523649,China Merchants Bank,招商银行,2021-04-22 00:47:45,52BZL5,国内快速通关,2021-04-27 11:02:58,否,
608057319a8c0aefc051451e,13479117353,523649,China Merchants Bank,招商银行,2021-04-22 00:47:45,4ODYTJ,国内快速通关,2021-04-27 11:02:58,否,
6080575d9a8c0aefc051468e,13479117353,523649,China Merchants Bank,招商银行,2021-04-22 00:48:29,W0P152,国内接送机,2021-04-27 11:04:54,是,2021-04-27 11:06:47
6080575d9a8c0aefc051468e,13479117353,523649,China Merchants Bank,招商银行,2021-04-22 00:48:29,VGGKS2,国内接送机,2021-04-27 11:04:54,是,2021-04-27 11:07:28
6080575d9a8c0aefc051468e,13479117353,523649,China Merchants Bank,招商银行,2021-04-22 00:48:29,IYBREG,国内快速通关,2021-04-27 11:04:54,否,
6080575d9a8c0aefc051468e,13479117353,523649,China Merchants Bank,招商银行,2021-04-22 00:48:29,CC15NN,国内快速通关,2021-04-27 11:04:54,否,
6080575d9a8c0aefc051468e,13479117353,523649,China Merchants Bank,招商银行,2021-04-22 00:48:29,UUJ726,国内快速通关,2021-04-27 11:04:54,否,
607f19169a8c0aefc045ed2a,13479054210,556632,Bank of China Limited,中国银行,2021-04-21 02:10:30,CD9DOD,国内接送机,2021-04-27 11:10:18,是,2021-04-27 11:11:04
607f19169a8c0aefc045ed2a,13479054210,556632,Bank of China Limited,中国银行,2021-04-21 02:10:30,ETUD25,国内接送机,2021-04-27 11:10:18,是,2021-04-27 11:11:43
607f19169a8c0aefc045ed2a,13479054210,556632,Bank of China Limited,中国银行,2021-04-21 02:10:30,DTF9EI,国内快速通关,2021-04-27 11:10:18,否,
607f19169a8c0aefc045ed2a,13479054210,556632,Bank of China Limited,中国银行,2021-04-21 02:10:30,YMS6FA,国内快速通关,2021-04-27 11:10:18,否,
607f19169a8c0aefc045ed2a,13479054210,556632,Bank of China Limited,中国银行,2021-04-21 02:10:30,M9MF7Z,国内快速通关,2021-04-27 11:10:18,否,
60804c569a8c0aefc050e5c1,17071701384,556632,Bank of China Limited,中国银行,2021-04-22 00:01:26,I4YJA8,国内接送机,2021-04-27 11:27:24,是,2021-04-27 11:28:33
60804c569a8c0aefc050e5c1,17071701384,556632,Bank of China Limited,中国银行,2021-04-22 00:01:26,II2C7E,国内接送机,2021-04-27 11:27:24,是,2021-04-27 11:29:31
60804c569a8c0aefc050e5c1,17071701384,556632,Bank of China Limited,中国银行,2021-04-22 00:01:26,28YWJP,国内快速通关,2021-04-27 11:27:24,否,
60804c569a8c0aefc050e5c1,17071701384,556632,Bank of China Limited,中国银行,2021-04-22 00:01:26,XRVGRT,国内快速通关,2021-04-27 11:27:24,否,
60804c569a8c0aefc050e5c1,17071701384,556632,Bank of China Limited,中国银行,2021-04-22 00:01:26,NUZZZT,国内快速通关,2021-04-27 11:27:24,否,
60804c789a8c0aefc050e8ef,17071701384,556632,Bank of China Limited,中国银行,2021-04-22 00:02:00,SD5XAG,国内接送机,2021-04-27 14:12:53,是,2021-04-27 14:15:38
60804c789a8c0aefc050e8ef,17071701384,556632,Bank of China Limited,中国银行,2021-04-22 00:02:00,B1UQJU,国内接送机,2021-04-27 14:12:53,是,2021-04-27 14:16:13
60804c789a8c0aefc050e8ef,17071701384,556632,Bank of China Limited,中国银行,2021-04-22 00:02:00,YZ78QD,国内快速通关,2021-04-27 14:12:53,否,
60804c789a8c0aefc050e8ef,17071701384,556632,Bank of China Limited,中国银行,2021-04-22 00:02:00,A2EMOF,国内快速通关,2021-04-27 14:12:53,否,
60804c789a8c0aefc050e8ef,17071701384,556632,Bank of China Limited,中国银行,2021-04-22 00:02:00,EDB7Q1,国内快速通关,2021-04-27 14:12:53,否,
60804c939a8c0aefc050ea35,17071701384,556632,Bank of China Limited,中国银行,2021-04-22 00:02:27,UBVNO7,国内接送机,2021-04-27 14:16:35,是,2021-04-27 14:17:07
60804c939a8c0aefc050ea35,17071701384,556632,Bank of China Limited,中国银行,2021-04-22 00:02:27,ZOZ2UT,国内接送机,2021-04-27 14:16:35,是,2021-04-27 14:17:42
60804c939a8c0aefc050ea35,17071701384,556632,Bank of China Limited,中国银行,2021-04-22 00:02:27,JRMDM1,国内快速通关,2021-04-27 14:16:35,否,
60804c939a8c0aefc050ea35,17071701384,556632,Bank of China Limited,中国银行,2021-04-22 00:02:27,2HFP4Y,国内快速通关,2021-04-27 14:16:35,否,
60804c939a8c0aefc050ea35,17071701384,556632,Bank of China Limited,中国银行,2021-04-22 00:02:27,8CM1ZQ,国内快速通关,2021-04-27 14:16:35,否,
60804e7f9a8c0aefc050f998,17182839685,556632,Bank of China Limited,中国银行,2021-04-22 00:10:39,SB5KJ1,国内接送机,2021-04-27 14:18:47,是,2021-04-27 14:19:40
60804e7f9a8c0aefc050f998,17182839685,556632,Bank of China Limited,中国银行,2021-04-22 00:10:39,9WDLFX,国内接送机,2021-04-27 14:18:47,是,2021-04-27 14:20:24
60804e7f9a8c0aefc050f998,17182839685,556632,Bank of China Limited,中国银行,2021-04-22 00:10:39,9VNS0H,国内快速通关,2021-04-27 14:18:47,否,
60804e7f9a8c0aefc050f998,17182839685,556632,Bank of China Limited,中国银行,2021-04-22 00:10:39,581X8O,国内快速通关,2021-04-27 14:18:47,否,
60804e7f9a8c0aefc050f998,17182839685,556632,Bank of China Limited,中国银行,2021-04-22 00:10:39,T16TIW,国内快速通关,2021-04-27 14:18:47,否,
60804fa69a8c0aefc05102c0,17182839685,556632,Bank of China Limited,中国银行,2021-04-22 00:15:34,GDKR5F,国内接送机,2021-04-27 14:20:44,是,2021-04-27 14:21:19
60804fa69a8c0aefc05102c0,17182839685,556632,Bank of China Limited,中国银行,2021-04-22 00:15:34,ANVDM5,国内接送机,2021-04-27 14:20:44,是,2021-04-27 14:21:58
60804fa69a8c0aefc05102c0,17182839685,556632,Bank of China Limited,中国银行,2021-04-22 00:15:34,5NTE1K,国内快速通关,2021-04-27 14:20:44,否,
60804fa69a8c0aefc05102c0,17182839685,556632,Bank of China Limited,中国银行,2021-04-22 00:15:34,KE1RN0,国内快速通关,2021-04-27 14:20:44,否,
60804fa69a8c0aefc05102c0,17182839685,556632,Bank of China Limited,中国银行,2021-04-22 00:15:34,03GBF0,国内快速通关,2021-04-27 14:20:44,否,
608053e99a8c0aefc0512ab4,17182839685,556632,Bank of China Limited,中国银行,2021-04-22 00:33:45,2CTI35,国内接送机,2021-04-27 14:22:38,是,2021-04-27 14:35:29
608053e99a8c0aefc0512ab4,17182839685,556632,Bank of China Limited,中国银行,2021-04-22 00:33:45,HT1LI5,国内接送机,2021-04-27 14:22:38,是,2021-04-27 14:36:05
608053e99a8c0aefc0512ab4,17182839685,556632,Bank of China Limited,中国银行,2021-04-22 00:33:45,THHNN6,国内快速通关,2021-04-27 14:22:38,否,
608053e99a8c0aefc0512ab4,17182839685,556632,Bank of China Limited,中国银行,2021-04-22 00:33:45,W9V8TZ,国内快速通关,2021-04-27 14:22:38,否,
608053e99a8c0aefc0512ab4,17182839685,556632,Bank of China Limited,中国银行,2021-04-22 00:33:45,F3CBC9,国内快速通关,2021-04-27 14:22:38,否,
600c5ad09a8c0aefc063ca3d,13902962034,510420,"Industrial Bank Co., Ltd",兴业银行,2021-01-24 01:20:16,8N5AJZ,国内接送机,2021-04-28 20:12:04,是,2021-05-13 22:31:35
607827909a8c0aefc0eead54,13901692131,519725,Shanghai Pudong Development Bank,上海浦东发展银行,2021-04-15 19:46:24,67KX5S,国内接送机,2021-04-30 21:49:32,否,
607827909a8c0aefc0eead54,13901692131,519725,Shanghai Pudong Development Bank,上海浦东发展银行,2021-04-15 19:46:24,O5442V,国内接送机,2021-06-07 11:29:36,否,
607827909a8c0aefc0eead54,13901692131,519725,Shanghai Pudong Development Bank,上海浦东发展银行,2021-04-15 19:46:24,SB1TPF,国内快速通关,2021-06-07 11:29:36,否,
607827909a8c0aefc0eead54,13901692131,519725,Shanghai Pudong Development Bank,上海浦东发展银行,2021-04-15 19:46:24,JCEFW2,国内快速通关,2021-06-07 11:29:36,否,
607827909a8c0aefc0eead54,13901692131,519725,Shanghai Pudong Development Bank,上海浦东发展银行,2021-04-15 19:46:24,Q81B47,国内快速通关,2021-06-07 11:29:36,否,
5ffee5959a8c0aefc0ef01e9,13801740201,519725,Shanghai Pudong Development Bank,上海浦东发展银行,2021-01-13 20:20:37,6O5ZEL,国内接送机,2021-05-02 13:37:48,否,
5ffec9e69a8c0aefc0edf6e1,15861935489,523649,China Merchants Bank,招商银行,2021-01-13 18:22:30,N38K2V,国内接送机,2021-05-08 03:22:17,否,
608d875c9a8c0aefc0f7359e,18155199256,512770,China Minsheng Banking Corporation Ltd.,中国民生银行,2021-05-02 00:52:44,17CDOC,国内接送机,2021-05-13 17:18:43,否,
5ff24ef49a8c0aefc05e89c8,13164181912,519725,Shanghai Pudong Development Bank,上海浦东发展银行,2021-01-04 07:10:44,1676OT,国内接送机,2021-05-20 11:00:21,否,
5ff24ef49a8c0aefc05e89c8,13164181912,519725,Shanghai Pudong Development Bank,上海浦东发展银行,2021-01-04 07:10:44,EOBO9P,国内接送机,2021-05-20 11:00:21,否,
5ff24ef49a8c0aefc05e89c8,13164181912,519725,Shanghai Pudong Development Bank,上海浦东发展银行,2021-01-04 07:10:44,X5YJL8,国内快速通关,2021-05-20 11:00:21,否,
5ff24ef49a8c0aefc05e89c8,13164181912,519725,Shanghai Pudong Development Bank,上海浦东发展银行,2021-01-04 07:10:44,LZDQ2P,国内快速通关,2021-05-20 11:00:21,否,
5ff24ef49a8c0aefc05e89c8,13164181912,519725,Shanghai Pudong Development Bank,上海浦东发展银行,2021-01-04 07:10:44,JJ6WHZ,国内快速通关,2021-05-20 11:00:21,否,
5ff24ef49a8c0aefc05e89c8,13164181912,519725,Shanghai Pudong Development Bank,上海浦东发展银行,2021-01-04 07:10:44,O13PES,境外接送机,2021-05-20 11:00:21,否,
