﻿用户ID,银行,银行中文名,卡类型,卡BIN,手机号,保险理赔类别,提交理赔时间(北京时间)
5fd42d3d9a8c0aefc08e3a5a,CHINA CITIC BANK,中信银行,世界卡,559166,18968881898,行程延误理赔,2021-01-05 00:25:21
5fd379b89a8c0aefc0882564,CHINA CITIC BANK,中信银行,世界卡,559166,13336059284,行程延误理赔,2021-01-06 17:57:00
5fa0c3389a8c0aefc01a748a,CHINA CITIC BANK,中信银行,世界卡,559166,15960193691,行程延误理赔,2021-01-07 09:04:25
5ffefdbada1b54273c969899,CHINA CITIC BANK,中信银行,世界卡,559166,13896686005,行程延误理赔,2021-01-13 14:15:11
60098fc2da1b54273c975362,CHINA CITIC BANK,中信银行,世界卡,559166,17782250242,行程延误理赔,2021-01-21 14:35:08
5ffefdbada1b54273c969899,CHINA CITIC BANK,中信银行,世界卡,559166,13896686005,行程延误理赔,2021-01-21 14:43:36
600da9f06f1a4c1e23c35d6b,CHINA CITIC BANK,中信银行,世界卡,559166,13336059284,行程延误理赔,2021-01-24 17:19:28
600e7b7eda1b54273c97b73c,CHINA CITIC BANK,中信银行,世界卡,559166,18968881899,行程延误理赔,2021-01-25 08:10:34
601672ad6f1a4c1e23c3eb74,CHINA CITIC BANK,中信银行,世界卡,559166,13648346183,行程延误理赔,2021-01-31 09:21:19
5ffefdbada1b54273c969899,CHINA CITIC BANK,中信银行,世界卡,559166,13896686005,行程延误理赔,2021-01-31 13:22:29
600860046f1a4c1e23c329b6,CHINA CITIC BANK,中信银行,世界卡,559166,15521313595,行程延误理赔,2021-01-31 15:06:26
60098fc2da1b54273c975362,CHINA CITIC BANK,中信银行,世界卡,559166,17782250242,行程延误理赔,2021-01-31 15:12:45
601a0ec66f1a4c1e23c40c36,CHINA CITIC BANK,中信银行,世界卡,559166,15683783868,行程延误理赔,2021-02-03 02:52:37
60098fc2da1b54273c975362,CHINA CITIC BANK,中信银行,世界卡,559166,17782250242,行程延误理赔,2021-02-07 12:33:14
60098fc2da1b54273c975362,CHINA CITIC BANK,中信银行,世界卡,559166,17782250242,行程延误理赔,2021-02-07 12:40:53
5ffefdbada1b54273c969899,CHINA CITIC BANK,中信银行,世界卡,559166,13896686005,行程延误理赔,2021-02-08 15:00:25
5ffefdbada1b54273c969899,CHINA CITIC BANK,中信银行,世界卡,559166,13896686005,行程延误理赔,2021-02-08 15:06:06
601672ad6f1a4c1e23c3eb74,CHINA CITIC BANK,中信银行,世界卡,559166,13648346183,行程延误理赔,2021-02-25 07:17:29
601672ad6f1a4c1e23c3eb74,CHINA CITIC BANK,中信银行,世界卡,559166,13648346183,行程延误理赔,2021-02-25 07:17:30
601a0ec66f1a4c1e23c40c36,CHINA CITIC BANK,中信银行,世界卡,559166,15683783868,行程延误理赔,2021-02-25 14:00:10
600e7b7eda1b54273c97b73c,CHINA CITIC BANK,中信银行,世界卡,559166,18968881899,行程延误理赔,2021-02-27 01:22:56
600860046f1a4c1e23c329b6,CHINA CITIC BANK,中信银行,世界卡,559166,15521313595,行程延误理赔,2021-03-01 04:33:52
601672ad6f1a4c1e23c3eb74,CHINA CITIC BANK,中信银行,世界卡,559166,13648346183,行程延误理赔,2021-03-02 07:53:28
5ffefdbada1b54273c969899,CHINA CITIC BANK,中信银行,世界卡,559166,13896686005,行程延误理赔,2021-03-02 12:48:51
6039c1246f1a4c1e23c5ced5,CHINA CITIC BANK,中信银行,世界卡,559166,17782312539,行程延误理赔,2021-03-03 04:33:28
5ffefdbada1b54273c969899,CHINA CITIC BANK,中信银行,世界卡,559166,13896686005,行程延误理赔,2021-03-04 12:02:13
60098fc2da1b54273c975362,CHINA CITIC BANK,中信银行,世界卡,559166,17782250242,行程延误理赔,2021-03-05 06:07:14
60098fc2da1b54273c975362,CHINA CITIC BANK,中信银行,世界卡,559166,17782250242,行程延误理赔,2021-03-05 06:12:44
601a0ec66f1a4c1e23c40c36,CHINA CITIC BANK,中信银行,世界卡,559166,15683783868,行程延误理赔,2021-03-07 02:18:53
600da9f06f1a4c1e23c35d6b,CHINA CITIC BANK,中信银行,世界卡,559166,13336059284,行程延误理赔,2021-03-07 10:32:46
600e7b7eda1b54273c97b73c,CHINA CITIC BANK,中信银行,世界卡,559166,18968881899,行程延误理赔,2021-03-07 10:47:16
600e7b7eda1b54273c97b73c,CHINA CITIC BANK,中信银行,世界卡,559166,18968881899,行程延误理赔,2021-03-07 10:47:16
600860046f1a4c1e23c329b6,CHINA CITIC BANK,中信银行,世界卡,559166,15521313595,行程延误理赔,2021-03-07 11:32:47
60098fc2da1b54273c975362,CHINA CITIC BANK,中信银行,世界卡,559166,17782250242,行程延误理赔,2021-03-07 11:50:16
6039c1246f1a4c1e23c5ced5,CHINA CITIC BANK,中信银行,世界卡,559166,17782312539,行程延误理赔,2021-03-07 13:06:27
6039c1246f1a4c1e23c5ced5,CHINA CITIC BANK,中信银行,世界卡,559166,17782312539,行程延误理赔,2021-03-07 13:12:38
5ffefdbada1b54273c969899,CHINA CITIC BANK,中信银行,世界卡,559166,13896686005,行程延误理赔,2021-03-07 15:23:53
5f7190669a8c0aefc0c391f7,CHINA CITIC BANK,中信银行,世界卡,559166,19916487921,行程取消/行程缩短,2021-03-09 17:21:52
5f7190669a8c0aefc0c391f7,CHINA CITIC BANK,中信银行,世界卡,559166,19916487921,行程延误理赔,2021-03-09 17:33:34
600da9f06f1a4c1e23c35d6b,CHINA CITIC BANK,中信银行,世界卡,559166,13336059284,行程延误理赔,2021-03-11 04:46:20
600e7b7eda1b54273c97b73c,CHINA CITIC BANK,中信银行,世界卡,559166,18968881899,行程延误理赔,2021-03-11 05:10:03
600860046f1a4c1e23c329b6,CHINA CITIC BANK,中信银行,世界卡,559166,15521313595,行程延误理赔,2021-03-15 12:05:38
5ffefdbada1b54273c969899,CHINA CITIC BANK,中信银行,世界卡,559166,13896686005,行程延误理赔,2021-03-15 13:36:35
60098fc2da1b54273c975362,CHINA CITIC BANK,中信银行,世界卡,559166,17782250242,行程延误理赔,2021-03-16 03:52:11
6050ceec6f1a4c1e23c7192b,CHINA CITIC BANK,中信银行,世界卡,559166,15026018584,行程延误理赔,2021-03-16 16:47:11
600860046f1a4c1e23c329b6,CHINA CITIC BANK,中信银行,世界卡,559166,15521313595,行程延误理赔,2021-03-17 10:18:43
601672ad6f1a4c1e23c3eb74,CHINA CITIC BANK,中信银行,世界卡,559166,13648346183,行程延误理赔,2021-03-18 06:23:54
601672ad6f1a4c1e23c3eb74,CHINA CITIC BANK,中信银行,世界卡,559166,13648346183,行程延误理赔,2021-03-18 06:32:58
60098fc2da1b54273c975362,CHINA CITIC BANK,中信银行,世界卡,559166,17782250242,行程延误理赔,2021-03-18 09:04:21
60098fc2da1b54273c975362,CHINA CITIC BANK,中信银行,世界卡,559166,17782250242,行程延误理赔,2021-03-18 09:17:34
6039c1246f1a4c1e23c5ced5,CHINA CITIC BANK,中信银行,世界卡,559166,17782312539,行程延误理赔,2021-03-19 02:47:25
601a0ec66f1a4c1e23c40c36,CHINA CITIC BANK,中信银行,世界卡,559166,15683783868,行程延误理赔,2021-03-19 05:04:59
5ffefdbada1b54273c969899,CHINA CITIC BANK,中信银行,世界卡,559166,13896686005,行程延误理赔,2021-03-19 06:14:05
5ffefdbada1b54273c969899,CHINA CITIC BANK,中信银行,世界卡,559166,13896686005,行程延误理赔,2021-03-20 12:52:31
5ffefdbada1b54273c969899,CHINA CITIC BANK,中信银行,世界卡,559166,13896686005,行程延误理赔,2021-03-20 13:03:11
601a0ec66f1a4c1e23c40c36,CHINA CITIC BANK,中信银行,世界卡,559166,15683783868,行程延误理赔,2021-03-21 03:27:56
601a0ec66f1a4c1e23c40c36,CHINA CITIC BANK,中信银行,世界卡,559166,15683783868,行程延误理赔,2021-03-21 03:27:56
600860046f1a4c1e23c329b6,CHINA CITIC BANK,中信银行,世界卡,559166,15521313595,行程延误理赔,2021-03-21 06:33:59
60098fc2da1b54273c975362,CHINA CITIC BANK,中信银行,世界卡,559166,17782250242,行程延误理赔,2021-03-22 14:21:54
600da9f06f1a4c1e23c35d6b,CHINA CITIC BANK,中信银行,世界卡,559166,13336059284,行程延误理赔,2021-03-25 06:05:37
5f718ca19a8c0aefc0c37d0f,CHINA CITIC BANK,中信银行,世界卡,559166,13992030709,行程延误理赔,2021-03-25 07:02:44
600860046f1a4c1e23c329b6,CHINA CITIC BANK,中信银行,世界卡,559166,15521313595,行程延误理赔,2021-03-27 10:16:32
60098fc2da1b54273c975362,CHINA CITIC BANK,中信银行,世界卡,559166,17782250242,行程延误理赔,2021-03-27 10:29:44
601a0ec66f1a4c1e23c40c36,CHINA CITIC BANK,中信银行,世界卡,559166,15683783868,行程延误理赔,2021-03-28 01:50:52
6039c1246f1a4c1e23c5ced5,CHINA CITIC BANK,中信银行,世界卡,559166,17782312539,行程延误理赔,2021-03-28 05:08:33
6039c1246f1a4c1e23c5ced5,CHINA CITIC BANK,中信银行,世界卡,559166,17782312539,行程延误理赔,2021-03-28 05:08:34
5ffefdbada1b54273c969899,CHINA CITIC BANK,中信银行,世界卡,559166,13896686005,行程延误理赔,2021-03-29 03:01:14
6066d4de6f1a4c35e7a8f22c,CHINA CITIC BANK,中信银行,世界卡,559166,13896686005,行程延误理赔,2021-04-02 08:30:55
6066d4de6f1a4c35e7a8f22c,CHINA CITIC BANK,中信银行,世界卡,559166,15521313595,行程延误理赔,2021-04-02 08:44:11
60681c36da1b5431b9141bdc,CHINA CITIC BANK,中信银行,世界卡,559166,17782250242,行程延误理赔,2021-04-03 10:38:03
60681c36da1b5431b9141bdc,CHINA CITIC BANK,中信银行,世界卡,559166,17782312539,行程延误理赔,2021-04-03 10:42:01
606945aada1b5431b9143729,CHINA CITIC BANK,中信银行,世界卡,559166,13361763168,行程延误理赔,2021-04-04 05:10:06
6072cc79da1b542843e35b1c,CHINA CITIC BANK,中信银行,世界卡,559166,15638783868,行程延误理赔,2021-04-11 10:22:47
6072cc79da1b542843e35b1c,CHINA CITIC BANK,中信银行,世界卡,559166,15638783868,行程延误理赔,2021-04-11 10:26:35
60758f19da1b542843e39486,CHINA CITIC BANK,中信银行,世界卡,559166,13896686005,行程延误理赔,2021-04-13 12:46:28
60758f19da1b542843e39486,CHINA CITIC BANK,中信银行,世界卡,559166,17782250242,行程延误理赔,2021-04-13 12:53:26
6050ceec6f1a4c1e23c7192b,CHINA CITIC BANK,中信银行,世界卡,559166,15521313595,行程延误理赔,2021-04-14 17:10:54
608093f8da1b542843e4a0e1,CHINA CITIC BANK,中信银行,世界卡,559166,15909270688,行程延误理赔,2021-04-22 09:18:49
6096237d6f1a4c21d007d5d5,CHINA CITIC BANK,中信银行,世界卡,559166,13891087611,行程延误理赔,2021-05-08 05:45:37
602d26e76f1a4c1e23c4fa9e,CHINA CITIC BANK,中信银行,世界卡,559166,13892090779,行程延误理赔,2021-05-08 05:58:18
602d26e76f1a4c1e23c4fa9e,CHINA CITIC BANK,中信银行,世界卡,559166,13892090779,行程延误理赔,2021-05-09 08:57:45
608093f8da1b542843e4a0e1,CHINA CITIC BANK,中信银行,世界卡,559166,15909270688,行程取消/行程缩短,2021-05-18 08:45:43
